Position;Moteur;Mot Clé;Site;Page positionnée;Titre de la page;Date
1;Bing.com France - (Tout afficher);BTS esf 24;http://www.le-cluzeau.fr;Pas de résultat;;20/01/2014
1;Bing.com France - (Tout afficher);BTS esf 33;http://www.le-cluzeau.fr;Pas de résultat;;20/01/2014
1;Bing.com France - (Tout afficher);BTS technico commercial 24;http://www.le-cluzeau.fr;Pas de résultat;;20/01/2014
0;Bing.com France - (Tout afficher);BTS technico commercial 33;http://www.le-cluzeau.fr;Pas de résultat;;20/01/2014
1;Bing.com France - (Tout afficher);Formation bac pro services 24;http://www.le-cluzeau.fr;Pas de résultat;;20/01/2014
1;Bing.com France - (Tout afficher);Formation bac pro services 33;http://www.le-cluzeau.fr;Pas de résultat;;20/01/2014
0;Bing.com France - (Tout afficher);Formation environnement/aménagement 24;http://www.le-cluzeau.fr;Pas de résultat;;20/01/2014
0;Bing.com France - (Tout afficher);Formation environnement/aménagement 33;http://www.le-cluzeau.fr;Pas de résultat;;20/01/2014
0;Bing.com France - (Tout afficher);Formation gestion de la faune sauvage 24;http://www.le-cluzeau.fr;Pas de résultat;;20/01/2014
0;Bing.com France - (Tout afficher);Formation gestion de la faune sauvage 33;http://www.le-cluzeau.fr;Pas de résultat;;20/01/2014
1;Bing.com France - (Tout afficher);Formation gestion des milieux naturel et de la faune 24;http://www.le-cluzeau.fr;Pas de résultat;;20/01/2014
1;Bing.com France - (Tout afficher);Formation gestion des milieux naturel et de la faune 33;http://www.le-cluzeau.fr;Pas de résultat;;20/01/2014
0;Bing.com France - (Tout afficher);Formation gmnf 24;http://www.le-cluzeau.fr;http://www.le-cluzeau.fr/;Lycée privé le Cluzeau : formation professionnelle pour ...;20/01/2014
0;Bing.com France - (Tout afficher);Formation gmnf 24;http://www.le-cluzeau.fr;http://www.le-cluzeau.fr/formation-environnement-amenagement-33.html;Lycée privé le Cluzeau : formation professionnelle ...;20/01/2014
1;Bing.com France - (Tout afficher);Formation gmnf 33;http://www.le-cluzeau.fr;http://www.le-cluzeau.fr/formation-environnement-amenagement-33.html;Lycée privé le Cluzeau : formation professionnelle ...;20/01/2014
1;Bing.com France - (Tout afficher);Formation gmnf 33;http://www.le-cluzeau.fr;http://www.le-cluzeau.fr/;Lycée privé le Cluzeau : formation professionnelle pour ...;20/01/2014
0;Bing.com France - (Tout afficher);Formation services aux personnes 24;http://www.le-cluzeau.fr;Pas de résultat;;20/01/2014
3;Bing.com France - (Tout afficher);Formation services aux personnes 33;http://www.le-cluzeau.fr;Pas de résultat;;20/01/2014
2;Bing.com France - (Tout afficher);Internat collège 24;http://www.le-cluzeau.fr;Pas de résultat;;20/01/2014
0;Bing.com France - (Tout afficher);Internat collège 33;http://www.le-cluzeau.fr;Pas de résultat;;20/01/2014
1;Bing.com France - (Tout afficher);LYCEE PRIVE LE CLUZEAU;http://www.le-cluzeau.fr;http://www.le-cluzeau.fr/;Lycée privé le Cluzeau : formation professionnelle pour ...;20/01/2014
4;Bing.com France - (Tout afficher);LYCEE PRIVE LE CLUZEAU;http://www.le-cluzeau.fr;http://www.le-cluzeau.fr/formation-environnement-amenagement-33.html;Lycée privé le Cluzeau : formation professionnelle ...;20/01/2014
0;Bing.com France - (Tout afficher);Section sportives 24;http://www.le-cluzeau.fr;Pas de résultat;;20/01/2014
0;Bing.com France - (Tout afficher);Section sportives 33;http://www.le-cluzeau.fr;Pas de résultat;;20/01/2014
12;Google.fr (Le Web);BTS esf 24;http://www.le-cluzeau.fr;http://www.le-cluzeau.fr/bts-esf-situe-24.html;LYCEE PRIVE LE CLUZEAU bts esf 24 - Lycée privé le Cluzeau;20/01/2014
9;Google.fr (Le Web);BTS esf 33;http://www.le-cluzeau.fr;http://www.le-cluzeau.fr/bts-esf-situe-33.html;LYCEE PRIVE LE CLUZEAU bts esf 33 - Lycée privé le Cluzeau;20/01/2014
7;Google.fr (Le Web);BTS technico commercial 24;http://www.le-cluzeau.fr;http://www.le-cluzeau.fr/bts-technico-commercial-situe-24.html;LYCEE PRIVE LE CLUZEAU bts technico commercial 24;20/01/2014
4;Google.fr (Le Web);BTS technico commercial 33;http://www.le-cluzeau.fr;http://www.le-cluzeau.fr/bts-technico-commercial-situe-33.html;LYCEE PRIVE LE CLUZEAU bts technico commercial 33;20/01/2014
3;Google.fr (Le Web);Formation bac pro services 24;http://www.le-cluzeau.fr;http://www.le-cluzeau.fr/formation-bac-pro-services-situe-24.html;LYCEE PRIVE LE CLUZEAU formation bac pro services 24;20/01/2014
8;Google.fr (Le Web);Formation bac pro services 33;http://www.le-cluzeau.fr;http://www.le-cluzeau.fr/formation-bac-pro-services-situe-33.html;LYCEE PRIVE LE CLUZEAU formation bac pro services 33;20/01/2014
0;Google.fr (Le Web);Formation environnement/aménagement 24;http://www.le-cluzeau.fr;http://www.le-cluzeau.fr/formation-environnementamenagement-situe-24.html;Formation environnement/aménagement 24 - Lycée privé le Cluzeau;20/01/2014
1;Google.fr (Le Web);Formation environnement/aménagement 24;http://www.le-cluzeau.fr;http://www.le-cluzeau.fr/formation-environnement-amenagement-33.html;Lycée privé le Cluzeau : formation professionnelle environnement et ...;20/01/2014
1;Google.fr (Le Web);Formation environnement/aménagement 33;http://www.le-cluzeau.fr;http://www.le-cluzeau.fr/formation-environnementamenagement-situe-33.html;Formation environnement/aménagement 33 - Lycée privé le Cluzeau;20/01/2014
2;Google.fr (Le Web);Formation environnement/aménagement 33;http://www.le-cluzeau.fr;http://www.le-cluzeau.fr/formation-environnement-amenagement-33.html;Lycée privé le Cluzeau : formation professionnelle environnement et ...;20/01/2014
3;Google.fr (Le Web);Formation environnement/aménagement 33;http://www.le-cluzeau.fr;http://www.le-cluzeau.fr/plan-du-site.html;Lycée privé le Cluzeau : Formation services aux personnes dans le ...;20/01/2014
0;Google.fr (Le Web);Formation gestion de la faune sauvage 24;http://www.le-cluzeau.fr;http://www.le-cluzeau.fr/formation-gestion-de-la-faune-sauvage-situe-24.html;Formation gestion de la faune sauvage 24 - Lycée privé le Cluzeau;20/01/2014
1;Google.fr (Le Web);Formation gestion de la faune sauvage 24;http://www.le-cluzeau.fr;http://www.le-cluzeau.fr/;Lycée privé le Cluzeau : formation professionnelle pour adulte dans ...;20/01/2014
0;Google.fr (Le Web);Formation gestion de la faune sauvage 33;http://www.le-cluzeau.fr;http://www.le-cluzeau.fr/formation-gestion-de-la-faune-sauvage-situe-33.html;Formation gestion de la faune sauvage 33 - Lycée privé le Cluzeau;20/01/2014
1;Google.fr (Le Web);Formation gestion de la faune sauvage 33;http://www.le-cluzeau.fr;http://www.le-cluzeau.fr/;Lycée privé le Cluzeau : formation professionnelle pour adulte dans ...;20/01/2014
1;Google.fr (Le Web);Formation gestion des milieux naturel et de la faune 24;http://www.le-cluzeau.fr;http://www.le-cluzeau.fr/formation-gestion-des-milieux-naturel-et-de-la-faune-situe-24.html;Formation gestion des milieux naturel et de la faune 24;20/01/2014
2;Google.fr (Le Web);Formation gestion des milieux naturel et de la faune 24;http://www.le-cluzeau.fr;http://www.le-cluzeau.fr/;Lycée privé le Cluzeau : formation professionnelle pour adulte dans ...;20/01/2014
6;Google.fr (Le Web);Formation gestion des milieux naturel et de la faune 33;http://www.le-cluzeau.fr;http://www.le-cluzeau.fr/;Lycée privé le Cluzeau : formation professionnelle pour adulte dans ...;20/01/2014
7;Google.fr (Le Web);Formation gestion des milieux naturel et de la faune 33;http://www.le-cluzeau.fr;http://www.le-cluzeau.fr/formation-gestion-des-milieux-naturel-et-de-la-faune-situe-33.html;Formation gestion des milieux naturel et de la faune 33;20/01/2014
3;Google.fr (Le Web);Formation gmnf 24;http://www.le-cluzeau.fr;http://www.le-cluzeau.fr/formation-gmnf-situe-24.html;LYCEE PRIVE LE CLUZEAU formation gmnf 24;20/01/2014
4;Google.fr (Le Web);Formation gmnf 24;http://www.le-cluzeau.fr;http://www.le-cluzeau.fr/formation-environnement-amenagement-33.html;Lycée privé le Cluzeau : formation professionnelle environnement et ...;20/01/2014
3;Google.fr (Le Web);Formation gmnf 33;http://www.le-cluzeau.fr;http://www.le-cluzeau.fr/formation-gmnf-situe-33.html;LYCEE PRIVE LE CLUZEAU formation gmnf 33;20/01/2014
4;Google.fr (Le Web);Formation gmnf 33;http://www.le-cluzeau.fr;http://www.le-cluzeau.fr/formation-environnement-amenagement-33.html;Lycée privé le Cluzeau : formation professionnelle environnement et ...;20/01/2014
5;Google.fr (Le Web);Formation gmnf 33;http://www.le-cluzeau.fr;http://www.le-cluzeau.fr/plan-du-site.html;Lycée privé le Cluzeau : Formation services aux personnes dans le ...;20/01/2014
6;Google.fr (Le Web);Formation gmnf 33;http://www.le-cluzeau.fr;http://www.le-cluzeau.fr/;Lycée privé le Cluzeau : formation professionnelle pour adulte dans ...;20/01/2014
3;Google.fr (Le Web);Formation services aux personnes 24;http://www.le-cluzeau.fr;http://www.le-cluzeau.fr/formation-services-aux-personnes-situe-24.html;LYCEE PRIVE LE CLUZEAU formation services aux personnes 24;20/01/2014
4;Google.fr (Le Web);Formation services aux personnes 24;http://www.le-cluzeau.fr;http://www.le-cluzeau.fr/;Lycée privé le Cluzeau : formation professionnelle pour adulte dans ...;20/01/2014
7;Google.fr (Le Web);Formation services aux personnes 33;http://www.le-cluzeau.fr;http://www.le-cluzeau.fr/;Lycée privé le Cluzeau : formation professionnelle pour adulte dans ...;20/01/2014
8;Google.fr (Le Web);Formation services aux personnes 33;http://www.le-cluzeau.fr;http://www.le-cluzeau.fr/plan-du-site.html;Lycée privé le Cluzeau : Formation services aux personnes dans le ...;20/01/2014
6;Google.fr (Le Web);Internat collège 24;http://www.le-cluzeau.fr;http://www.le-cluzeau.fr/internat-college-situe-24.html;LYCEE PRIVE LE CLUZEAU internat collège 24;20/01/2014
21;Google.fr (Le Web);Internat collège 33;http://www.le-cluzeau.fr;http://www.le-cluzeau.fr/internat-college-situe-33.html;LYCEE PRIVE LE CLUZEAU internat collège 33;20/01/2014
10;Google.fr (Le Web);LYCEE PRIVE LE CLUZEAU;http://www.le-cluzeau.fr;http://www.le-cluzeau.fr/;Lycée privé le Cluzeau : formation professionnelle pour adulte dans ...;20/01/2014
22;Google.fr (Le Web);Section sportives 24;http://www.le-cluzeau.fr;http://www.le-cluzeau.fr/section-sportives-situe-24.html;LYCEE PRIVE LE CLUZEAU section sportives 24;20/01/2014
2;Google.fr (Le Web);Section sportives 33;http://www.le-cluzeau.fr;Pas de résultat;;20/01/2014
17;fr.yahoo.com (sur tout le web);BTS esf 24;http://www.le-cluzeau.fr;http://www.le-cluzeau.fr/bts-esf-situe-24.html;LYCEE PRIVE LE CLUZEAU bts esf 24;20/01/2014
22;fr.yahoo.com (sur tout le web);BTS esf 24;http://www.le-cluzeau.fr;http://www.le-cluzeau.fr/bts-technico-commercial-24.html;Lycée privé le Cluzeau : BTS technico-commercial dans le 24 ...;20/01/2014
1;fr.yahoo.com (sur tout le web);BTS esf 24;http://www.le-cluzeau.fr;http://www.le-cluzeau.fr/bts-esf-situe-33.html;LYCEE PRIVE LE CLUZEAU bts esf 33;20/01/2014
14;fr.yahoo.com (sur tout le web);BTS esf 33;http://www.le-cluzeau.fr;http://www.le-cluzeau.fr/bts-esf-situe-33.html;LYCEE PRIVE LE CLUZEAU bts esf 33;20/01/2014
6;fr.yahoo.com (sur tout le web);BTS esf 33;http://www.le-cluzeau.fr;http://www.le-cluzeau.fr/bts-esf-situe-24.html;LYCEE PRIVE LE CLUZEAU bts esf 24;20/01/2014
9;fr.yahoo.com (sur tout le web);BTS technico commercial 24;http://www.le-cluzeau.fr;http://www.le-cluzeau.fr/bts-technico-commercial-24.html;Lycée privé le Cluzeau : BTS technico-commercial dans le 24 ...;20/01/2014
5;fr.yahoo.com (sur tout le web);BTS technico commercial 24;http://www.le-cluzeau.fr;http://www.le-cluzeau.fr/bts-technico-commercial-situe-24.html;LYCEE PRIVE LE CLUZEAU bts technico commercial 24;20/01/2014
0;fr.yahoo.com (sur tout le web);BTS technico commercial 33;http://www.le-cluzeau.fr;http://www.le-cluzeau.fr/bts-technico-commercial-situe-33.html;LYCEE PRIVE LE CLUZEAU bts technico commercial 33;20/01/2014
0;fr.yahoo.com (sur tout le web);Formation bac pro services 24;http://www.le-cluzeau.fr;Pas de résultat;;20/01/2014
2;fr.yahoo.com (sur tout le web);Formation bac pro services 33;http://www.le-cluzeau.fr;Pas de résultat;;20/01/2014
1;fr.yahoo.com (sur tout le web);Formation environnement/aménagement 24;http://www.le-cluzeau.fr;http://www.le-cluzeau.fr/formation-environnement-amenagement-33.html;Lycée privé le Cluzeau : formation professionnelle ...;20/01/2014
1;fr.yahoo.com (sur tout le web);Formation environnement/aménagement 33;http://www.le-cluzeau.fr;http://www.le-cluzeau.fr/formation-environnement-amenagement-33.html;Lycée privé le Cluzeau : formation professionnelle ...;20/01/2014
4;fr.yahoo.com (sur tout le web);Formation gestion de la faune sauvage 24;http://www.le-cluzeau.fr;http://www.le-cluzeau.fr/formation-gestion-de-la-faune-sauvage-situe-24.html;LYCEE PRIVE LE CLUZEAU formation gestion de la faune sauvage 24;20/01/2014
1;fr.yahoo.com (sur tout le web);Formation gestion de la faune sauvage 24;http://www.le-cluzeau.fr;http://www.le-cluzeau.fr/formation-environnement-amenagement-33.html;Lycée privé le Cluzeau : formation professionnelle ...;20/01/2014
9;fr.yahoo.com (sur tout le web);Formation gestion de la faune sauvage 33;http://www.le-cluzeau.fr;http://www.le-cluzeau.fr/formation-environnement-amenagement-33.html;Lycée privé le Cluzeau : formation professionnelle ...;20/01/2014
1;fr.yahoo.com (sur tout le web);Formation gestion de la faune sauvage 33;http://www.le-cluzeau.fr;http://www.le-cluzeau.fr/formation-gestion-de-la-faune-sauvage-situe-24.html;LYCEE PRIVE LE CLUZEAU formation gestion de la faune sauvage 24;20/01/2014
0;fr.yahoo.com (sur tout le web);Formation gestion des milieux naturel et de la faune 24;http://www.le-cluzeau.fr;http://www.le-cluzeau.fr/formation-gestion-des-milieux-naturel-et-de-la-faune-situe-24.html;formation gestion des milieux naturel et de la faune 24;20/01/2014
1;fr.yahoo.com (sur tout le web);Formation gestion des milieux naturel et de la faune 33;http://www.le-cluzeau.fr;Pas de résultat;;20/01/2014
2;fr.yahoo.com (sur tout le web);Formation gmnf 24;http://www.le-cluzeau.fr;http://www.le-cluzeau.fr/;Lycée privé le Cluzeau : formation professionnelle pour ...;20/01/2014
1;fr.yahoo.com (sur tout le web);Formation gmnf 24;http://www.le-cluzeau.fr;http://www.le-cluzeau.fr/formation-gmnf-situe-33.html;LYCEE PRIVE LE CLUZEAU formation gmnf 33;20/01/2014
2;fr.yahoo.com (sur tout le web);Formation gmnf 33;http://www.le-cluzeau.fr;http://www.le-cluzeau.fr/formation-gmnf-situe-33.html;LYCEE PRIVE LE CLUZEAU formation gmnf 33;20/01/2014
1;fr.yahoo.com (sur tout le web);Formation gmnf 33;http://www.le-cluzeau.fr;http://www.le-cluzeau.fr/formation-environnement-amenagement-33.html;Lycée privé le Cluzeau : formation professionnelle ...;20/01/2014
11;fr.yahoo.com (sur tout le web);Formation services aux personnes 24;http://www.le-cluzeau.fr;http://www.le-cluzeau.fr/formation-services-aux-personnes-situe-24.html;LYCEE PRIVE LE CLUZEAU formation services aux personnes 24;20/01/2014
1;fr.yahoo.com (sur tout le web);Formation services aux personnes 24;http://www.le-cluzeau.fr;http://www.le-cluzeau.fr/formation-services-aux-personnes-situe-33.html;LYCEE PRIVE LE CLUZEAU formation services aux personnes 33;20/01/2014
9;fr.yahoo.com (sur tout le web);Formation services aux personnes 33;http://www.le-cluzeau.fr;http://www.le-cluzeau.fr/formation-services-aux-personnes-situe-33.html;LYCEE PRIVE LE CLUZEAU formation services aux personnes 33;20/01/2014
0;fr.yahoo.com (sur tout le web);Formation services aux personnes 33;http://www.le-cluzeau.fr;http://www.le-cluzeau.fr/plan-du-site.html;Lycée privé le Cluzeau : Formation services aux personnes ...;20/01/2014
15;fr.yahoo.com (sur tout le web);Internat collège 24;http://www.le-cluzeau.fr;Pas de résultat;;20/01/2014
25;fr.yahoo.com (sur tout le web);Internat collège 33;http://www.le-cluzeau.fr;http://www.le-cluzeau.fr/internat-college-situe-33.html;LYCEE PRIVE LE CLUZEAU internat collège 33;20/01/2014
2;fr.yahoo.com (sur tout le web);Internat collège 33;http://www.le-cluzeau.fr;http://www.le-cluzeau.fr/formation-environnement-amenagement-33.html;Lycée privé le Cluzeau : formation professionnelle ...;20/01/2014
3;fr.yahoo.com (sur tout le web);LYCEE PRIVE LE CLUZEAU;http://www.le-cluzeau.fr;http://www.le-cluzeau.fr/;Lycée privé le Cluzeau : formation professionnelle pour ...;20/01/2014
0;fr.yahoo.com (sur tout le web);LYCEE PRIVE LE CLUZEAU;http://www.le-cluzeau.fr;http://www.le-cluzeau.fr/formation-environnement-amenagement-33.html;Lycée privé le Cluzeau : formation professionnelle ...;20/01/2014
0;fr.yahoo.com (sur tout le web);Section sportives 24;http://www.le-cluzeau.fr;Pas de résultat;;20/01/2014
0;fr.yahoo.com (sur tout le web);Section sportives 33;http://www.le-cluzeau.fr;Pas de résultat;;20/01/2014
